Workbook

Sheet Participants
A1: # | B1: Name | C1: Age | D1: Surf level | E1: Parent / guardian | F1: Contact (phone / email) | G1: Heat / category | H1: Entry paid | I1: Waiver signed | J1: Notes | K1: Shirt size (Kostumisé)
A2: 1 | B2: Alek Niescierowicz | C2: 7 | D2: Cheerleader | E2: Justyna Niescierowicz (mother) | F2: 700 25 775 · justyna.niescierowicz@gmail.com | H2: Yes | I2: Yes | J2: T-shirt XL · Loaner board · No allergies · Photo OK · Parent heat: no · Emergency: Adam 700 62 855 · Note: form annotation 'Ali is not surfing — will be in cheerleader division'. XL ticked despite age 7 — confirm size with Justyna. Waiver consent box ticked on reg form (no separate waiver file). · XL ticked despite age 7 — confirm with Justyna | K2: 12
A3: 2 | B3: Alysia Klein | C3: 10 | D3: Duckling | E3: Peter Klein (father) | F3: 70467181 · peterk_6@hotmail.com | H3: Yes | I3: Yes | J3: T-shirt L · Loaner board · No allergies · Photo OK · Parent heat: no · Emergency: Ophelie Braga 70467166 | K3: 10
A4: 3 | B4: Elijah Bear Tyler | C4: 9 | D4: Duck | E4: Kyrah Ashe Tyler (mother) | F4: 5775 9547 · kyrah@grevensmedi.co.za | H4: No | I4: Yes | J4: T-shirt XL · Own board · No allergies · Photo OK · Parent heat: yes · Emergency: Seb 5255 3322 | K4: 12
A5: 4 | B5: Ella Klein | C5: 8 | D5: Duckling | E5: Peter Klein (father) | F5: 70467181 · peterk_6@hotmail.com | H5: Yes | I5: Yes | J5: T-shirt M · Loaner board · Vegetarian (does not eat meat) · Photo OK · Parent heat: no · Emergency: Ophelie Braga 70467166 | K5: 8
A6: 5 | B6: Emma-Jayne Vlok | C6: 10 | D6: Duck | E6: Theola Vlok (mother) | F6: 5977 6564 · theolav82@gmail.com | H6: No | I6: Yes | J6: T-shirt XL · Own board · No allergies · Photos: WhatsApp + website only — NO social media · Parent heat: yes · Emergency: Steve 5491 6850 | K6: 12
A7: 6 | B7: Ezrah Wild Tyler | C7: 6 | D7: Duckling | E7: Kyrah Ashe Tyler (mother) | F7: 5775 9547 · kyrah@grevensmedi.co.za | H7: No | I7: Yes | J7: T-shirt M · Own board · No allergies (nil known) · Photo OK · Parent heat: yes · Emergency: Seb 5255 3322 | K7: 8
A8: 7 | B8: Holly St Guillaume | C8: 11 | D8: Duck | E8: Trinity St Guillaume | F8: 70104746 · trinitylauren93@gmail.com | H8: Yes | I8: Yes | J8: T-shirt L · Own board · Celiac disease (gluten-free) · Photo OK · Parent heat: no · Emergency: Jean-pierre 7014444 (grandparent) · Bumped from 10 → 12: age 11 sits above ticked L (9-10) | K8: 12
A9: 8 | B9: Josua Nel | C9: 12 | D9: Duck | E9: Karissa Nel (mother) | F9: 58424945 · +27845833770 · karissa.nel@gmail.com | H9: No | I9: Yes | J9: T-shirt XL · Own board · No allergies · Photo OK · Parent heat: no · Emergency: Wikus Nel 58424897 · +27834103430 | K9: 12
A10: 9 | B10: Karia Nel | C10: 14 | D10: Duck | E10: Karissa Nel (mother) | F10: 58424945 · +27845833770 · karissa.nel@gmail.com | H10: No | I10: Yes | J10: T-shirt: none ticked, requests adult SMALL if available · Loaner board · No allergies · Photo OK · Parent heat: no · Emergency: Wikus Nel 58424897 · Adult S requested; mapped to Kostumisé 14 (chart top) | K10: 14
A11: 10 | B11: Leonie Basu | C11: 8 | D11: Duckling | E11: Anaïs Basu (mother) | F11: 57597274 · anaispiat@gmail.com | H11: Yes | I11: Yes | J11: T-shirt M · Own board · No allergies · Photo OK · Parent heat: no · Emergency: Abhishek 57597297 · Waiver consent box ticked on reg form (no separate waiver file). | K11: 8
A12: 11 | B12: Marc-Emmanuel Vlok | C12: 7 | D12: Duckling | E12: Theola Vlok (mother) | F12: 5977 6564 · theolav82@gmail.com | H12: No | I12: Yes | J12: T-shirt S · Loaner board · No allergies · Photos: WhatsApp + website only — NO social media · Parent heat: yes · Emergency: Steve 5491 6850 · Note: form signs as 'Marc-Emmanuel' (filename uses 'Mark') · Bumped from 6 → 8: age 7 sits above ticked S (5-6) | K12: 8
A13: 12 | B13: Robyn Raye | C13: 4 | D13: Duckling | E13: Mark | F13: 59316734 · mark@inaura.co.za | H13: Yes | I13: Yes | J13: T-shirt S · Own board · No allergies · Photo OK · Parent heat: yes · Emergency contact not filled | K13: 6
... A18: 17 | B18: Jaxon Webb | C18: 8 | D18: Duck | E18: Tracy Loumeau (mother) · Pete (father) | F18: 54890928 (Tracy) · 54890916 (Pete) | H18: Yes | I18: Yes | J18: T-shirt M (7-8) → size 8 · Own board · No allergies / medical · Photo OK · Parent heat: Hard no · DOB 2017-09-21 · Signed 25 May 2026; reg form dated 25 May 2026 · Email not provided · Reg form emergency contact field left blank — Pete (father) acts as second contact. Tracy is also offering helper hands (see Helpers tab). | K18: 8
A19: 18 | B19: Lara Hejj | C19: 6 | D19: Duckling | E19: Andras Hejj (parent) | F19: andras@motifapp.ai | J19: Late entry added 30 May 2026 to match heat draw. Confirm: entry paid, waiver, shirt size, emergency contact, photo consent.
A20: 19 | B20: Noah Hejj | C20: 9 | D20: Duck | E20: Andras Hejj (parent) | F20: andras@motifapp.ai | J20: Late entry added 30 May 2026 to match heat draw. Confirm: entry paid, waiver, shirt size, emergency contact, photo consent.
A21: 20 | B21: Mats | C21: 9 | D21: Duckling | J21: Late entry added 30 May 2026 to match heat draw. Confirm: surname, parent/guardian, contact, entry paid, waiver, shirt size, emergency contact, photo consent.
A22: 21 | B22: Maud | C22: 7 | D22: Duckling | J22: Late entry added 30 May 2026 to match heat draw. Confirm: surname, parent/guardian, contact, entry paid, waiver, shirt size, emergency contact, photo consent.
A23: 22
A24: 23
A25: 24
A26: 25
A27: 26
A28: 27
A29: 28
A30: 29
A31: 30
A32: 31
A33: 32
A34: 33
... A41: 40
A43: Totals | B43: =COUNTA(B2:B41) | H43: =COUNTIF(H2:H41,"Yes") | I43: =COUNTIF(I2:I41,"Yes")
A44: (participants / paid / waivers)

Sheet Helpers
A1: Name | B1: Contact | C1: Available from | D1: Setup (pre-comp) | E1: Water push | F1: BBQ | G1: Sound / commentary | H1: Electricity | I1: Equipment / supplies | J1: Notes | K1: Shirt size (Kostumisé)
A2: Chad Tyler | E2: ✓ | F2: ✓ | J2: Pushing kids into waves + BBQ duty | K2: TBD
A3: Bron | D3: ✓ | E3: ✓ | J3: Setting up with Mark; in the water on the day | K3: TBD
A4: Mark | D4: ✓ | J4: Setting up with Bron | K4: TBD
A5: Anaïs | C5: 11:30 | D5: ✓ | I5: Folding table | J5: Available from 11:30; ask if anything else needed | K5: TBD
A6: Kyrah | D6: ✓ | H6: ✓ | I6: Power run from her front-row house ('Vans') · Bringing shader cloth + folding tables | J6: Running setup / teardown. Will also confirm water station with the neighbours. | K6: TBD
A7: Adam | G7: ✓ | I7: DJI mic with Bluetooth (connects to speaker) | J7: Provides DJI mic with Bluetooth + speaker for sound. Need to discuss how to 'mix' mic + music with Andras. Sebastian is MC. | K7: TBD
A8: Sebastian (Seb) | B8: 5255 3322 | G8: ✓ | J8: MC on the day (uses Adam's DJI mic + speaker). Kyrah's partner — also emergency contact for Tyler kids. | K8: TBD
A9: Justyna | B9: 700 25 775 | I9: Camera, drone, social media | J9: Pics + drone + media coverage on the day. Also Alek & Teo's mum. | K9: TBD
A10: Trinity St Guillaume | B10: 70104746 · trinitylauren93@gmail.com | D10: ✓ | J10: Offered to help with setup or teardown — flexible; Kyrah to assign slot via setup WhatsApp group. Also Holly's parent. | K10: TBD
A11: Wikus Nel | B11: 58424897 · +27834103430 | I11: Weber BBQ to lend — Andras collecting & returning | J11: Also Josua's father / Karia's emergency contact | K11: TBD
A12: Tracy Loumeau (+ husband Pete) | B12: 54890928 (Tracy) · 54890916 (Pete) | F12: ✓ | I12: Whiteboard markers; checking work for a whiteboard | J12: Pete on BBQ duty (per Tracy's offer). Also Jaxon Webb's parents. | K12: TBD
A13: Laila Datoo | D13: ✓ | I13: 2 camping chairs · 1 cool box (with ice) · beach umbrella (possible shade pole) · fruit / cake snacks | J13: Confirmed for cleanup per Andras's roster | K13: TBD
A14: Rulandi de Waal | I14: Whiteboard donation | J14: Whiteboard available | K14: TBD
A15: Karissa Nel | B15: 58424945 · +27845833770 · karissa.nel@gmail.com | I15: 4 camping chairs · 1 folding table · 1 cool box | J15: Also Josua & Karia's mother | K15: TBD
A16: Chantall | I16: Massive whiteboard (going to Aileen post-event) | J16: Quick in / quick out — has another function to attend | K16: TBD
A17: Ophelie Braga (Ihealcoaching) | B17: 70467166 | I17: Grapes + other snacks | J17: Offered help if needed. Also Alysia & Ella Klein's emergency contact | K17: TBD
A18: Theola Vlok | B18: 5977 6564 · theolav82@gmail.com | F18: ✓ | I18: BBQ + husband on BBQ duty · 2 camp tables · 1 cool box (with ice) | J18: Also doing pics; Emma-Jayne & Marc-Emmanuel's mother | K18: TBD
A19: Doribaba | I19: Sausages + fresh baguettes (food) · water for kids · first aid kit (backup if no-one else) | J19: Co-organising with Andras | K19: TBD
A20: Noah | J20: Judging panel | K20: TBD
A21: Noé | J21: Judging panel | K21: TBD
A22: Caleb | J22: Judging panel | K22: TBD
A23: Quentin | J23: Instructing the judging | K23: TBD
A30: People covering | D30: =COUNTIF(D2:D29,"✓") | E30: =COUNTIF(E2:E29,"✓") | F30: =COUNTIF(F2:F29,"✓") | G30: =COUNTIF(G2:G29,"✓") | H30: =COUNTIF(H2:H29,"✓")

Sheet Notes & open items
A1: Open items
A3: DECIDED
A4: • Setup kicks off at 11:30.
A5: • Site: 'other side of the river', power from front-row house 'Vans' (Kyrah's).
A6: • Kyrah running setup / teardown coordination — bringing shader cloth + folding tables. WhatsApp group active for setup/teardown helpers.
A7: • Sebastian (Seb) confirmed for MC — using Adam's DJI mic + speaker.
A8: • Justyna confirmed for pics, drone & media coverage. Theola also doing pics.
A9: • Judging panel confirmed: Noah, Noé, Caleb — Quentin instructing.
A10: • Laila confirmed for cleanup.
A11: • Food: Doribaba/Andras providing sausages + fresh baguettes; water for kids organised. Adults BYO beverages.
A12: • Whiteboards sorted: Rulandi donating one; Chantall donating massive one (going to Aileen post-event). Tracy bringing markers.
A13: • Chairs: 6 confirmed (Laila 2 + Karissa 4).
... A38: • Alek Niescierowicz (age 7) ticked XL → size 12 — confirm with Justyna whether intentional or a tick error.

Sheet Order list
A1: Sunset Duckies — competition order list
A2: Sizes per Kostumisé kids' chart (4 / 6 / 8 / 10 / 12 / 14). Bigger size chosen where in doubt.
A4: Item | B4: Variant / notes | C4: Qty | D4: Unit (MUR) | E4: Subtotal (MUR)
A5: T-shirts — kids
A6: T-shirt kid | B6: Kostumisé size 4 | C6: =COUNTIF(Participants!K2:K41,"4") | D6: 475 | E6: =C6*D6
A7: T-shirt kid | B7: Kostumisé size 6 | C7: =COUNTIF(Participants!K2:K41,"6") | D7: 475 | E7: =C7*D7
A8: T-shirt kid | B8: Kostumisé size 8 | C8: =COUNTIF(Participants!K2:K41,"8") | D8: 475 | E8: =C8*D8
A9: T-shirt kid | B9: Kostumisé size 10 | C9: =COUNTIF(Participants!K2:K41,"10") | D9: 475 | E9: =C9*D9
A10: T-shirt kid | B10: Kostumisé size 12 | C10: =COUNTIF(Participants!K2:K41,"12") | D10: 475 | E10: =C10*D10
A11: T-shirt kid | B11: Kostumisé size 14 | C11: =COUNTIF(Participants!K2:K41,"14") | D11: 475 | E11: =C11*D11
A12: T-shirt kid | B12: TBD — size not yet mapped | C12: =COUNTA(Participants!B2:B41)-SUM(C6:C11) | D12: 475 | E12: =C12*D12
A13: Kids t-shirts — subtotal | B13: All kids on register | C13: =SUM(C6:C12) | E13: =SUM(E6:E12)
A15: T-shirts — helpers
A16: T-shirt adult | B16: Adult S | C16: =COUNTIF(Helpers!K2:K29,"Adult S") | D16: 475 | E16: =C16*D16
A17: T-shirt adult | B17: Adult M | C17: =COUNTIF(Helpers!K2:K29,"Adult M") | D17: 475 | E17: =C17*D17
A18: T-shirt adult | B18: Adult L | C18: =COUNTIF(Helpers!K2:K29,"Adult L") | D18: 475 | E18: =C18*D18
A19: T-shirt adult | B19: Adult XL | C19: =COUNTIF(Helpers!K2:K29,"Adult XL") | D19: 475 | E19: =C19*D19
A20: T-shirt adult | B20: TBD — size not yet on file | C20: =COUNTA(Helpers!A2:A29)-SUM(C16:C19) | D20: 475 | E20: =C20*D20
A21: Helper t-shirts — subtotal | B21: All helpers on roster | C21: =SUM(C16:C20) | E21: =SUM(E16:E20)
A23: Helper gifts
A24: Bottle opener | B24: Helper gift option A | C24: 3 | D24: 110 | E24: =C24*D24
A25: Keychain | B25: Helper gift option B | C25: 3 | D25: 100 | E25: =C25*D25
B26: Helpers in roster: | C26: =COUNTA(Helpers!A2:A29)
A28: Team gear
A29: Hat — pink | C29: 4 | D29: 375 | E29: =C29*D29
A30: Hat — white | C30: 3 | D30: 375 | E30: =C30*D30
A31: Hat — black | C31: 3 | D31: 375 | E31: =C31*D31
A32: Hats — subtotal | B32: 10 hats total | C32: =SUM(C29:C31) | E32: =SUM(E29:E31)
A33: Towel | C33: 4 | D33: 395 | E33: =C33*D33
A35: GRAND TOTAL | E35: =E13+E21+E24+E25+SUM(E29:E31)+E33
A37: Notes
A38: • Kids' size = supplier number from Kostumisé chart. Standard map: XS→4, S→6, M→8, L→10, XL→12. Karia (adult S) → 14.
A39: • Bumps applied: Holly (age 11, L ticked → 12), Marc-Emmanuel (age 7, S ticked → 8). Reason: age sits above ticked range.
A40: • Alek (age 7) marked XL → size 12 as ticked, but worth a quick confirm with Justyna — unusually large for his age.
A41: • Helper t-shirts: sizes not yet captured. Update Helpers!K with Adult S/M/L/XL per helper and totals will recompute.
A42: • Helper gift split (opener/keychain) and hat colour split editable; all totals recalc automatically.

Sheet Shopping list
A1: Sunset Duckies — shopping list (event day)
A2: Food for 20 kids + 6 helpers (~26 people). Everyone else brings their own.
A4: Item (EN) | B4: Item (HU) | C4: Qty | D4: Notes | E4: ✓
A5: — BBQ & MAINS —
A6: Sausages — pork (small / cocktail size) | B6: Kolbász (sertés, kisebb méret) | C6: ~32 | D6: Smaller / cocktail size — 2 per person planning
A7: Sausages — Halal chicken/beef (small) | B7: Kolbász (csirke/marha, kisebb méret) — Halal | C7: ~20 | D7: Smaller / cocktail size — non-pork option, 2 per person planning
A8: Baguette | B8: Baguette | C8: ~30 | D8: ~1 per person, cut in half — each half holds a small sausage
A9: Iceberg lettuce | B9: Jégsaláta | C9: 2 heads | D9: Topping
A10: Fried / crispy onions | B10: Pirított hagyma | C10: 2 packs | D10: Topping
A11: Briquettes (charcoal) | B11: Brikett | C11: 1–2 bags | D11: For the BBQ
A12: — CONDIMENTS —
A13: Ketchup | B13: Ketchup | C13: 1–2 bottles
A14: Mayonnaise | B14: Majonéz | C14: 1 bottle
A15: Mustard | B15: Mustár | C15: 1 bottle
A16: — DRINKS & FRUIT —
A17: Water | B17: Víz | C17: 10–12 × 1.5 L | D17: Doribaba also bringing water for kids
A18: Oranges | B18: Narancs | C18: 3 bags | D18: As per original list
A19: Lemons | B19: Citrom | C19: 2 bags | D19: As per original list
A20: Apples | B20: Alma | C20: 4 bags | D20: As per original list
A21: — PAPER GOODS —
A22: Paper plates | B22: Papírtányér | C22: ~40 | D22: 1.5× people
A23: Paper cups | B23: Papírpohár | C23: ~50 | D23: 2× people
A24: Paper towel rolls | B24: Papírtörlő (konyhai) | C24: 2–3 rolls | D24: Replaces napkins — easier on a windy beach
A25: Trash bags | B25: Szemeteszsák | C25: 1 pack | D25: For teardown / cleanup with Laila
A26: — EASY-TO-FORGET —
A27: Lighter / matches | B27: Öngyújtó / gyufa | C27: 1–2 | D27: For the BBQ
A28: Aluminium foil | B28: Alufólia | C28: 1 roll | D28: Wrapping baguettes, keeping food warm
A29: Bread knife / cutting board | B29: Kenyérvágó kés / vágódeszka | C29: 1 each | D29: For the baguettes
A30: Tongs / BBQ spatula | B30: Grillcsipesz / lapát | C30: 1 each | D30: Check whether Wikus's Weber comes with
A32: — DIETARY (special needs) —
A33: Veggie sausages | B33: Vegetáriánus kolbász | C33: 3–4 (small) | D33: For Ella Klein (vegetarian) + spares; same small size
A34: Gluten-free rolls / buns | B34: Gluténmentes zsemle | C34: 3–4 | D34: For Holly St Guillaume (celiac) — baguette has gluten
A35: Gluten-free condiment check | B35: GM-ellenőrzés a szószokon | C35: — | D35: Most ketchup/mustard are GF but check labels for Holly
